{
  "dataset": "cifar100",
  "model": "convnext_tiny",
  "sample_count": 20000,
  "val_count": 5000,
  "seed": 764303,
  "client_seed": 769171,
  "client_hash": 3594714868,
  "round": 4,
  "client": "client1",
  "train_epochs": 4,
  "batch_size": 32,
  "learning_rate": 0.0005,
  "weight_decay": 0.05,
  "label_smoothing": 0.0,
  "input_size": 32,
  "use_pretrained": true,
  "freeze_backbone": false,
  "lr_schedule": "cosine",
  "num_workers": 6,
  "num_threads": 6,
  "device": "cuda",
  "torch_version": "2.11.0.dev20251221+cu128",
  "torchvision_version": "0.25.0.dev20251221+cu128",
  "train_acc": 0.79665,
  "val_acc": 0.6788,
  "val_top5": 0.9192,
  "train_loss": 0.7114546726226807,
  "val_loss": 1.1022983655929566,
  "train_acc_history": [
    0.3773,
    0.6202,
    0.7269,
    0.79665
  ],
  "val_acc_history": [
    0.5414,
    0.6222,
    0.6676,
    0.6788
  ],
  "val_top5_history": [
    0.8548,
    0.8926,
    0.9092,
    0.9192
  ],
  "train_loss_history": [
    2.6034244012832644,
    1.3450062740325928,
    0.9478122266769409,
    0.7114546726226807
  ],
  "val_loss_history": [
    1.6153270343780517,
    1.339301820755005,
    1.1745307594299317,
    1.1022983655929566
  ],
  "lr_history": [
    0.0005,
    0.00042677669529663686,
    0.00025,
    7.322330470336314e-05
  ],
  "epoch_times_sec": [
    6.157606601715088,
    1.5991413593292236,
    1.5695405006408691,
    1.6171300411224365
  ],
  "runtime_sec": 10.945515394210815,
  "per_class_accuracy": null,
  "confusion_matrix": null,
  "class_names": [
    "apple",
    "aquarium_fish",
    "baby",
    "bear",
    "beaver",
    "bed",
    "bee",
    "beetle",
    "bicycle",
    "bottle",
    "bowl",
    "boy",
    "bridge",
    "bus",
    "butterfly",
    "camel",
    "can",
    "castle",
    "caterpillar",
    "cattle",
    "chair",
    "chimpanzee",
    "clock",
    "cloud",
    "cockroach",
    "couch",
    "crab",
    "crocodile",
    "cup",
    "dinosaur",
    "dolphin",
    "elephant",
    "flatfish",
    "forest",
    "fox",
    "girl",
    "hamster",
    "house",
    "kangaroo",
    "keyboard",
    "lamp",
    "lawn_mower",
    "leopard",
    "lion",
    "lizard",
    "lobster",
    "man",
    "maple_tree",
    "motorcycle",
    "mountain",
    "mouse",
    "mushroom",
    "oak_tree",
    "orange",
    "orchid",
    "otter",
    "palm_tree",
    "pear",
    "pickup_truck",
    "pine_tree",
    "plain",
    "plate",
    "poppy",
    "porcupine",
    "possum",
    "rabbit",
    "raccoon",
    "ray",
    "road",
    "rocket",
    "rose",
    "sea",
    "seal",
    "shark",
    "shrew",
    "skunk",
    "skyscraper",
    "snail",
    "snake",
    "spider",
    "squirrel",
    "streetcar",
    "sunflower",
    "sweet_pepper",
    "table",
    "tank",
    "telephone",
    "television",
    "tiger",
    "tractor",
    "train",
    "trout",
    "tulip",
    "turtle",
    "wardrobe",
    "whale",
    "willow_tree",
    "wolf",
    "woman",
    "worm"
  ]
}
