{
  "sample_count": 8000,
  "seed": 910552,
  "round": 2,
  "client": "local",
  "train_epochs": 10,
  "batch_size": 256,
  "learning_rate": 0.05,
  "train_acc": 0.86875,
  "val_acc": 0.86,
  "train_loss": 0.5615569444040044,
  "val_loss": 0.5919173824434114,
  "train_acc_history": [
    0.7553125,
    0.8103125,
    0.82671875,
    0.83890625,
    0.845,
    0.85046875,
    0.8575,
    0.86203125,
    0.86625,
    0.86875
  ],
  "val_acc_history": [
    0.749375,
    0.801875,
    0.823125,
    0.835,
    0.8375,
    0.844375,
    0.849375,
    0.85375,
    0.85625,
    0.86
  ],
  "train_loss_history": [
    1.4322000615105934,
    1.0794712078935147,
    0.9036126918011703,
    0.7987722744154059,
    0.7283002539365746,
    0.677648185776103,
    0.6383659330736401,
    0.6075886033965198,
    0.5825071919159257,
    0.5615569444040044
  ],
  "val_loss_history": [
    1.4479547752758162,
    1.0996804791915087,
    0.9265191490532219,
    0.82265402044272,
    0.7552856386914893,
    0.7055410870348059,
    0.6659529221021201,
    0.6365745341836662,
    0.6130246123459464,
    0.5919173824434114
  ],
  "runtime_sec": 0.6328709125518799
}