{
  "sample_count": 8000,
  "seed": 103343,
  "round": 5,
  "client": "local",
  "train_epochs": 10,
  "batch_size": 256,
  "learning_rate": 0.05,
  "train_acc": 0.86609375,
  "val_acc": 0.89125,
  "train_loss": 0.5556979803674662,
  "val_loss": 0.538470962421444,
  "train_acc_history": [
    0.7678125,
    0.81390625,
    0.82421875,
    0.838125,
    0.84671875,
    0.84984375,
    0.85609375,
    0.8596875,
    0.8621875,
    0.86609375
  ],
  "val_acc_history": [
    0.7825,
    0.830625,
    0.844375,
    0.861875,
    0.868125,
    0.873125,
    0.88125,
    0.88625,
    0.88875,
    0.89125
  ],
  "train_loss_history": [
    1.4243661839007848,
    1.0720009620654483,
    0.896125021042457,
    0.7916131976528495,
    0.7213062343166573,
    0.6703498706516047,
    0.6318060369551466,
    0.6013522972388841,
    0.5761618806375364,
    0.5556979803674662
  ],
  "val_loss_history": [
    1.4170580246181204,
    1.0570807489254261,
    0.880129617840442,
    0.7726842013710331,
    0.7008292076312693,
    0.6524719602449562,
    0.6128454690948766,
    0.5830847051251223,
    0.5588079266768248,
    0.538470962421444
  ],
  "runtime_sec": 0.6246044635772705
}