{
  "sample_count": 8000,
  "seed": 625989,
  "round": 3,
  "client": "client1",
  "train_epochs": 10,
  "batch_size": 256,
  "learning_rate": 0.05,
  "train_acc": 0.86875,
  "val_acc": 0.856875,
  "train_loss": 0.5659683473050614,
  "val_loss": 0.5880886311096168,
  "train_acc_history": [
    0.78234375,
    0.819375,
    0.83234375,
    0.84015625,
    0.84875,
    0.85375,
    0.86109375,
    0.865625,
    0.8684375,
    0.86875
  ],
  "val_acc_history": [
    0.761875,
    0.810625,
    0.8175,
    0.829375,
    0.831875,
    0.843125,
    0.8475,
    0.8525,
    0.855,
    0.856875
  ],
  "train_loss_history": [
    1.442109725983005,
    1.0871002555422458,
    0.9085555096323629,
    0.8026578124173948,
    0.7317295198018182,
    0.6808095203891855,
    0.6421561214768274,
    0.6114472530307746,
    0.5865305478061862,
    0.5659683473050614
  ],
  "val_loss_history": [
    1.448893758251127,
    1.0983951693981282,
    0.9227502691143105,
    0.819601687681946,
    0.7510385728182781,
    0.7004273106295319,
    0.6623367917945601,
    0.6323493596759181,
    0.6081754104990726,
    0.5880886311096168
  ],
  "runtime_sec": 0.8594095706939697
}