{
  "total_distributed_runs": 10,
  "total_local_runs": 1,
  "filters": {
    "min_epochs": 4,
    "min_sample_count": 5000,
    "name_contains": ""
  },
  "rounds": {
    "1": {
      "runs": 2,
      "val_acc_mean": 0.6877,
      "val_acc_std": 0.00042426406871188177,
      "val_top5_mean": 0.9225,
      "train_acc_mean": 0.8199749999999999,
      "train_loss_mean": 0.6165898687362671,
      "val_loss_mean": 1.0868724827766418,
      "histories": {
        "train_acc": {
          "avg": [
            0.39225,
            0.6202749999999999,
            0.73975,
            0.8199749999999999
          ],
          "min": [
            0.3755,
            0.6123,
            0.7249,
            0.7917
          ],
          "max": [
            0.409,
            0.62825,
            0.7546,
            0.84825
          ]
        },
        "val_acc": {
          "avg": [
            0.5557,
            0.6145,
            0.6644000000000001,
            0.6877
          ],
          "min": [
            0.5478,
            0.601,
            0.6598,
            0.6874
          ],
          "max": [
            0.5636,
            0.628,
            0.669,
            0.688
          ]
        },
        "val_top5": {
          "avg": [
            0.8567,
            0.893,
            0.911,
            0.9225
          ],
          "min": [
            0.8508,
            0.881,
            0.9056,
            0.9218
          ],
          "max": [
            0.8626,
            0.905,
            0.9164,
            0.9232
          ]
        },
        "train_loss": {
          "avg": [
            2.438711198234558,
            1.3312441173553466,
            0.8919786926746369,
            0.6165898687362671
          ],
          "min": [
            2.275672311782837,
            1.288666608428955,
            0.8252001013755799,
            0.5094650987148285
          ],
          "max": [
            2.6017500846862793,
            1.3738216262817382,
            0.9587572839736939,
            0.7237146387577057
          ]
        },
        "val_loss": {
          "avg": [
            1.5826111312866211,
            1.3445693307876587,
            1.1746255643844605,
            1.0868724827766418
          ],
          "min": [
            1.5520476692199707,
            1.2839541709899902,
            1.1437249992370606,
            1.0859698549270629
          ],
          "max": [
            1.6131745933532715,
            1.4051844905853272,
            1.2055261295318604,
            1.0877751106262208
          ]
        }
      }
    },
    "2": {
      "runs": 2,
      "val_acc_mean": 0.6812,
      "val_acc_std": 0.001697056274847684,
      "val_top5_mean": 0.9186000000000001,
      "train_acc_mean": 0.8217749999999999,
      "train_loss_mean": 0.6156422992944717,
      "val_loss_mean": 1.1133563907623292,
      "histories": {
        "train_acc": {
          "avg": [
            0.3987,
            0.6233,
            0.738625,
            0.8217749999999999
          ],
          "min": [
            0.37705,
            0.6164,
            0.7198,
            0.78965
          ],
          "max": [
            0.42035,
            0.6302,
            0.75745,
            0.8539
          ]
        },
        "val_acc": {
          "avg": [
            0.5394,
            0.6082000000000001,
            0.6599999999999999,
            0.6812
          ],
          "min": [
            0.5266,
            0.5984,
            0.6554,
            0.68
          ],
          "max": [
            0.5522,
            0.618,
            0.6646,
            0.6824
          ]
        },
        "val_top5": {
          "avg": [
            0.8387,
            0.8862,
            0.9139,
            0.9186000000000001
          ],
          "min": [
            0.8272,
            0.8802,
            0.9108,
            0.9142
          ],
          "max": [
            0.8502,
            0.8922,
            0.917,
            0.923
          ]
        },
        "train_loss": {
          "avg": [
            2.442406059265137,
            1.3260472816467286,
            0.893598124074936,
            0.6156422992944717
          ],
          "min": [
            2.2832440202713014,
            1.2985290775299072,
            0.8131576496124268,
            0.499621058511734
          ],
          "max": [
            2.601568098258972,
            1.3535654857635497,
            0.9740385985374451,
            0.7316635400772095
          ]
        },
        "val_loss": {
          "avg": [
            1.6638018525123597,
            1.356714185333252,
            1.1728095777511598,
            1.1133563907623292
          ],
          "min": [
            1.604905849647522,
            1.3268879119873047,
            1.1563582035064697,
            1.10075965385437
          ],
          "max": [
            1.7226978553771972,
            1.3865404586791992,
            1.1892609519958497,
            1.125953127670288
          ]
        }
      }
    },
    "3": {
      "runs": 2,
      "val_acc_mean": 0.6880999999999999,
      "val_acc_std": 0.00777817459305203,
      "val_top5_mean": 0.9243,
      "train_acc_mean": 0.8285750000000001,
      "train_loss_mean": 0.5955234293937683,
      "val_loss_mean": 1.0849292319297792,
      "histories": {
        "train_acc": {
          "avg": [
            0.39532500000000004,
            0.6263,
            0.74245,
            0.8285750000000001
          ],
          "min": [
            0.3673,
            0.62005,
            0.7265,
            0.79815
          ],
          "max": [
            0.42335,
            0.63255,
            0.7584,
            0.859
          ]
        },
        "val_acc": {
          "avg": [
            0.538,
            0.6212,
            0.6699999999999999,
            0.6880999999999999
          ],
          "min": [
            0.5284,
            0.6196,
            0.6664,
            0.6826
          ],
          "max": [
            0.5476,
            0.6228,
            0.6736,
            0.6936
          ]
        },
        "val_top5": {
          "avg": [
            0.8454999999999999,
            0.8979999999999999,
            0.9147,
            0.9243
          ],
          "min": [
            0.841,
            0.8936,
            0.9138,
            0.9232
          ],
          "max": [
            0.85,
            0.9024,
            0.9156,
            0.9254
          ]
        },
        "train_loss": {
          "avg": [
            2.44796694688797,
            1.319657136154175,
            0.8712854256629944,
            0.5955234293937683
          ],
          "min": [
            2.246639621734619,
            1.2846625259399413,
            0.8066273637771606,
            0.48316759757995603
          ],
          "max": [
            2.649294272041321,
            1.3546517463684082,
            0.9359434875488282,
            0.7078792612075806
          ]
        },
        "val_loss": {
          "avg": [
            1.6429552903175355,
            1.3113222464561463,
            1.160056698012352,
            1.0849292319297792
          ],
          "min": [
            1.6178460790634155,
            1.296689998435974,
            1.158040258026123,
            1.0753893126487732
          ],
          "max": [
            1.6680645015716553,
            1.3259544944763184,
            1.162073137998581,
            1.094469151210785
          ]
        }
      }
    },
    "4": {
      "runs": 2,
      "val_acc_mean": 0.6799999999999999,
      "val_acc_std": 0.0016970562748477628,
      "val_top5_mean": 0.9207000000000001,
      "train_acc_mean": 0.8263,
      "train_loss_mean": 0.6018744572401047,
      "val_loss_mean": 1.1065765921592714,