{
  "sample_count": 8000,
  "seed": 714562,
  "round": 1,
  "client": "client1",
  "train_epochs": 10,
  "batch_size": 256,
  "learning_rate": 0.05,
  "train_acc": 0.87484375,
  "val_acc": 0.853125,
  "train_loss": 0.5508406688315207,
  "val_loss": 0.5842608941485002,
  "train_acc_history": [
    0.79484375,
    0.8234375,
    0.838125,
    0.85234375,
    0.85796875,
    0.86296875,
    0.8659375,
    0.86921875,
    0.87203125,
    0.87484375
  ],
  "val_acc_history": [
    0.790625,
    0.8075,
    0.828125,
    0.831875,
    0.83625,
    0.843125,
    0.843125,
    0.84875,
    0.85,
    0.853125
  ],
  "train_loss_history": [
    1.4342491630339778,
    1.0734567642610364,
    0.8933364075522101,
    0.7871765593357319,
    0.7164637012769436,
    0.6655322034085092,
    0.6268241037065819,
    0.596419730970068,
    0.5716052892544196,
    0.5508406688315207
  ],
  "val_loss_history": [
    1.448628652149128,
    1.0953723940759017,
    0.9170958175549364,
    0.8115724828879436,
    0.7432674392612459,
    0.6937012701775288,
    0.6566812076739698,
    0.6280045749109341,
    0.6043887019901973,
    0.5842608941485002
  ],
  "runtime_sec": 0.8653013706207275
}